{"stat.pickup.minecraft.bone":3,"stat.pickup.mopickaxes.red_wool_pickaxe":1,"stat.pickup.hbm.bomb_caller":1,"stat.leaveGame":4,"stat.useItem.minecraft.log2":1,"stat.mineBlock.minecraft.pumpkin":2,"stat.useItem.mopickaxes.glass_pickaxe":2,"stat.useItem.mopickaxes.tnt_pickaxe":2,"stat.pickup.hbm.battery_advanced":1,"stat.useItem.minecraft.diamond_sword":10,"stat.pickup.mopickaxes.white_wool_pickaxe":1,"stat.pickup.hbm.dust":8,"stat.swimOneCm":1431,"stat.pickup.hbm.ingot_titanium":3,"stat.useItem.hbm.concrete_pink":4,"stat.climbOneCm":1135,"stat.useItem.mopickaxes.red_wool_pickaxe":1,"stat.pickup.minecraft.porkchop":3,"stat.useItem.minecraft.stone_slab2":30,"stat.pickup.minecraft.rotten_flesh":11,"stat.pickup.minecraft.sand":7,"stat.craftItem.minecraft.furnace":2,"stat.useItem.minecraft.golden_sword":2,"stat.useItem.mopickaxes.white_wool_pickaxe":1,"stat.craftItem.minecraft.stone_pickaxe":1,"stat.craftItem.minecraft.cooked_beef":19,"stat.pickup.minecraft.cobblestone":45,"stat.flyOneCm":1041716,"stat.killEntity.Witch":1,"stat.pickup.hbm.primer_50":9,"stat.craftItem.minecraft.wooden_slab":6,"stat.useItem.minecraft.cooked_beef":3,"stat.mineBlock.minecraft.iron_ore":15,"stat.timeSinceDeath":35057,"stat.useItem.minecraft.iron_pickaxe":2,"stat.craftItem.minecraft.wooden_pickaxe":1,"stat.pickup.minecraft.mutton":3,"stat.craftItem.minecraft.bed":1,"stat.pickup.hbm.hazmat_helmet":2,"stat.furnaceInteraction":19,"stat.useItem.minecraft.cooked_porkchop":2,"stat.mineBlock.minecraft.coal_ore":17,"stat.talkedToVillager":1,"stat.pickup.minecraft.string":3,"stat.pickup.minecraft.beef":19,"stat.pickup.hbm.hazmat_boots":2,"stat.useItem.minecraft.milk_bucket":2,"stat.craftItem.minecraft.stone_slab2":0,"stat.sprintOneCm":101889,"stat.craftItem.minecraft.stick":12,"stat.craftItem.minecraft.wooden_axe":1,"stat.mineBlock.minecraft.crafting_table":2,"stat.useItem.minecraft.diamond_pickaxe":16,"stat.useItem.minecraft.dye":53,"stat.deaths":3,"stat.drop":2,"stat.playOneMinute":97171,"stat.pickup.hbm.hazmat_plate":2,"stat.killEntity.Sheep":3,"stat.craftItem.minecraft.iron_pickaxe":1,"stat.pickup.hbm.red_wire_coated":12,"stat.killEntity.Zombie":7,"stat.useItem.hbm.crowbar":6,"stat.useItem.mopickaxes.lapis_lazuli_pickaxe":1,"stat.mineBlock.minecraft.tallgrass":13,"stat.diveOneCm":16905,"stat.chestOpened":31,"stat.useItem.minecraft.splash_potion":1,"stat.pickup.minecraft.pumpkin":2,"stat.pickup.minecraft.arrow":4,"stat.jump":700,"stat.pickup.minecraft.coal":15,"stat.fallOneCm":16889,"stat.crouchOneCm":10972,"stat.pickup.minecraft.spider_eye":1,"stat.pickup.hbm.yellow_barrel":64,"stat.craftItem.minecraft.torch":8,"stat.craftItem.minecraft.iron_ingot":10,"stat.pickup.minecraft.dirt":58,"stat.craftingTableInteraction":8,"stat.pickup.minecraft.iron_ore":15,"stat.useItem.minecraft.sapling":12,"stat.mineBlock.minecraft.leaves2":2,"stat.mineBlock.minecraft.log2":18,"stat.damageTaken":1430,"stat.pickup.minecraft.leather":5,"stat.pickup.hbm.hazmat_legs":2,"stat.mineBlock.minecraft.torch":1,"stat.useItem.minecraft.wooden_pickaxe":11,"stat.pickup.hbm.cap_nuka":4,"stat.pickup.minecraft.log2":18,"stat.pickup.minecraft.reeds":3,"stat.pickup.minecraft.bed":1,"stat.pickup.minecraft.wheat_seeds":8,"stat.entityKilledBy.Zombie":1,"stat.useItem.minecraft.stone_pickaxe":57,"stat.damageDealt":3371,"stat.sleepInBed":2,"stat.killEntity.Cow":9,"stat.mineBlock.minecraft.dirt":45,"stat.craftItem.minecraft.iron_sword":1,"stat.walkOneCm":136208,"stat.useItem.minecraft.torch":8,"stat.useItem.minecraft.chest":2,"stat.pickup.minecraft.stick":2,"stat.pickup.hbm.bottle_cherry":1,"stat.pickup.minecraft.crafting_table":2,"stat.craftItem.minecraft.crafting_table":1,"stat.mineBlock.minecraft.double_plant":1,"stat.pickup.hbm.pole_satellite_receiver":1,"stat.drop.minecraft.iron_door":1,"stat.pickup.minecraft.stone":2,"stat.pickup.minecraft.sapling":2,"stat.killEntity.Skeleton":3,"stat.pickup.hbm.bottle_nuka":2,"stat.pickup.hbm.book_guide_book":25,"stat.craftItem.minecraft.planks":28,"stat.useItem.minecraft.iron_sword":13,"stat.pickup.hbm.crowbar":1,"stat.pickup.hbm.ingot_steel":40,"stat.killEntity.Spider":1,"stat.mobKills":31,"stat.useItem.minecraft.boat":1,"stat.drop.hbm.bomb_caller":1,"stat.pickup.minecraft.iron_door":1,"stat.pickup.minecraft.torch":4,"stat.sneakTime":5648,"stat.pickup.minecraft.wool":3,"stat.pickup.hbm.twinkie":1,"stat.useItem.minecraft.wooden_axe":51,"stat.mineBlock.minecraft.stone":41}