{"stat.chestOpened":17,"stat.pickup.minecraft.bone":2,"stat.pickup.mopickaxes.red_wool_pickaxe":1,"stat.leaveGame":4,"stat.pickup.minecraft.arrow":3,"stat.useItem.minecraft.log2":1,"stat.useItem.mopickaxes.glass_pickaxe":2,"stat.useItem.mopickaxes.tnt_pickaxe":2,"stat.pickup.hbm.battery_advanced":1,"stat.useItem.minecraft.diamond_sword":10,"stat.pickup.mopickaxes.white_wool_pickaxe":1,"stat.pickup.hbm.dust":8,"stat.jump":425,"stat.swimOneCm":1195,"stat.pickup.hbm.ingot_titanium":3,"stat.useItem.hbm.concrete_pink":4,"stat.pickup.minecraft.coal":15,"stat.fallOneCm":9615,"stat.useItem.mopickaxes.red_wool_pickaxe":1,"stat.crouchOneCm":3226,"stat.pickup.hbm.yellow_barrel":64,"stat.craftItem.minecraft.torch":8,"stat.craftItem.minecraft.iron_ingot":2,"stat.pickup.minecraft.dirt":16,"stat.useItem.minecraft.stone_slab2":25,"stat.craftingTableInteraction":6,"stat.pickup.minecraft.iron_ore":11,"stat.pickup.minecraft.rotten_flesh":8,"stat.pickup.minecraft.sand":2,"stat.craftItem.minecraft.furnace":2,"stat.useItem.minecraft.golden_sword":2,"stat.useItem.minecraft.sapling":12,"stat.mineBlock.minecraft.leaves2":2,"stat.mineBlock.minecraft.log2":18,"stat.useItem.mopickaxes.white_wool_pickaxe":1,"stat.damageTaken":1015,"stat.pickup.minecraft.leather":5,"stat.pickup.hbm.hazmat_legs":2,"stat.craftItem.minecraft.stone_pickaxe":1,"stat.useItem.minecraft.wooden_pickaxe":11,"stat.craftItem.minecraft.cooked_beef":3,"stat.pickup.minecraft.cobblestone":36,"stat.pickup.hbm.cap_nuka":4,"stat.pickup.minecraft.log2":18,"stat.pickup.minecraft.reeds":3,"stat.flyOneCm":703881,"stat.pickup.minecraft.bed":1,"stat.pickup.minecraft.wheat_seeds":8,"stat.killEntity.Witch":1,"stat.pickup.hbm.primer_50":9,"stat.useItem.minecraft.stone_pickaxe":53,"stat.craftItem.minecraft.wooden_slab":6,"stat.useItem.minecraft.cooked_beef":2,"stat.damageDealt":2696,"stat.mineBlock.minecraft.iron_ore":11,"stat.sleepInBed":1,"stat.timeSinceDeath":13159,"stat.killEntity.Cow":9,"stat.mineBlock.minecraft.dirt":1,"stat.craftItem.minecraft.wooden_pickaxe":1,"stat.pickup.minecraft.mutton":3,"stat.craftItem.minecraft.iron_sword":1,"stat.walkOneCm":73078,"stat.craftItem.minecraft.bed":1,"stat.useItem.minecraft.torch":5,"stat.useItem.minecraft.chest":2,"stat.pickup.minecraft.stick":2,"stat.pickup.hbm.bottle_cherry":1,"stat.pickup.minecraft.crafting_table":2,"stat.pickup.hbm.hazmat_helmet":2,"stat.craftItem.minecraft.crafting_table":1,"stat.furnaceInteraction":12,"stat.mineBlock.minecraft.double_plant":1,"stat.mineBlock.minecraft.coal_ore":15,"stat.talkedToVillager":1,"stat.pickup.hbm.pole_satellite_receiver":1,"stat.drop.minecraft.iron_door":1,"stat.pickup.minecraft.beef":19,"stat.pickup.hbm.hazmat_boots":2,"stat.useItem.minecraft.milk_bucket":2,"stat.craftItem.minecraft.stone_slab2":0,"stat.pickup.minecraft.stone":2,"stat.pickup.minecraft.sapling":2,"stat.sprintOneCm":50406,"stat.craftItem.minecraft.stick":12,"stat.craftItem.minecraft.wooden_axe":1,"stat.killEntity.Skeleton":2,"stat.pickup.hbm.bottle_nuka":2,"stat.pickup.hbm.book_guide_book":25,"stat.craftItem.minecraft.planks":28,"stat.pickup.hbm.crowbar":1,"stat.pickup.hbm.ingot_steel":40,"stat.mineBlock.minecraft.crafting_table":2,"stat.mobKills":26,"stat.useItem.minecraft.dye":53,"stat.useItem.minecraft.boat":1,"stat.deaths":2,"stat.pickup.minecraft.iron_door":1,"stat.drop":1,"stat.playOneMinute":59889,"stat.pickup.minecraft.torch":3,"stat.pickup.hbm.hazmat_plate":2,"stat.killEntity.Sheep":3,"stat.sneakTime":1923,"stat.pickup.minecraft.wool":3,"stat.pickup.hbm.red_wire_coated":12,"stat.pickup.hbm.twinkie":1,"stat.killEntity.Zombie":5,"stat.useItem.hbm.crowbar":6,"stat.useItem.minecraft.wooden_axe":51,"stat.mineBlock.minecraft.stone":32,"stat.useItem.mopickaxes.lapis_lazuli_pickaxe":1,"stat.mineBlock.minecraft.tallgrass":13,"stat.diveOneCm":10446}