{"stat.chestOpened":14,"stat.walkOneCm":17367,"stat.pickup.minecraft.bone":2,"stat.pickup.mopickaxes.red_wool_pickaxe":1,"stat.useItem.minecraft.chest":2,"stat.pickup.minecraft.stick":2,"stat.leaveGame":3,"stat.pickup.minecraft.arrow":1,"stat.useItem.mopickaxes.glass_pickaxe":2,"stat.useItem.mopickaxes.tnt_pickaxe":2,"stat.useItem.minecraft.diamond_sword":7,"stat.pickup.mopickaxes.white_wool_pickaxe":1,"stat.jump":84,"stat.swimOneCm":193,"stat.fallOneCm":1231,"stat.useItem.mopickaxes.red_wool_pickaxe":1,"stat.pickup.minecraft.stone":1,"stat.crouchOneCm":481,"stat.pickup.minecraft.sapling":1,"stat.pickup.minecraft.dirt":2,"stat.sprintOneCm":7450,"stat.useItem.minecraft.stone_slab2":4,"stat.pickup.minecraft.sand":2,"stat.killEntity.Skeleton":1,"stat.useItem.minecraft.golden_sword":2,"stat.useItem.minecraft.sapling":12,"stat.useItem.mopickaxes.white_wool_pickaxe":1,"stat.damageTaken":660,"stat.pickup.minecraft.cobblestone":12,"stat.mobKills":3,"stat.useItem.minecraft.dye":53,"stat.flyOneCm":79770,"stat.deaths":1,"stat.playOneMinute":16009,"stat.killEntity.Witch":1,"stat.sneakTime":268,"stat.damageDealt":684,"stat.killEntity.Zombie":1,"stat.timeSinceDeath":14298,"stat.mineBlock.minecraft.stone":7,"stat.useItem.mopickaxes.lapis_lazuli_pickaxe":1,"stat.mineBlock.minecraft.tallgrass":3,"stat.diveOneCm":6180}