{"stat.chestOpened":16,"stat.pickup.minecraft.bone":2,"stat.pickup.mopickaxes.red_wool_pickaxe":1,"stat.leaveGame":4,"stat.pickup.minecraft.arrow":3,"stat.useItem.mopickaxes.glass_pickaxe":2,"stat.useItem.mopickaxes.tnt_pickaxe":2,"stat.useItem.minecraft.diamond_sword":10,"stat.pickup.mopickaxes.white_wool_pickaxe":1,"stat.jump":90,"stat.swimOneCm":632,"stat.fallOneCm":1231,"stat.useItem.mopickaxes.red_wool_pickaxe":1,"stat.crouchOneCm":640,"stat.pickup.minecraft.dirt":15,"stat.useItem.minecraft.stone_slab2":6,"stat.pickup.minecraft.sand":2,"stat.useItem.minecraft.golden_sword":2,"stat.useItem.minecraft.sapling":12,"stat.useItem.mopickaxes.white_wool_pickaxe":1,"stat.damageTaken":660,"stat.pickup.minecraft.cobblestone":12,"stat.flyOneCm":289191,"stat.pickup.minecraft.wheat_seeds":1,"stat.killEntity.Witch":1,"stat.damageDealt":864,"stat.timeSinceDeath":21278,"stat.walkOneCm":22925,"stat.useItem.minecraft.chest":2,"stat.pickup.minecraft.stick":2,"stat.pickup.minecraft.stone":1,"stat.pickup.minecraft.sapling":2,"stat.sprintOneCm":8697,"stat.killEntity.Skeleton":2,"stat.pickup.hbm.book_guide_book":25,"stat.mobKills":4,"stat.useItem.minecraft.dye":53,"stat.useItem.minecraft.boat":1,"stat.deaths":1,"stat.playOneMinute":22989,"stat.pickup.minecraft.torch":2,"stat.sneakTime":414,"stat.killEntity.Zombie":1,"stat.mineBlock.minecraft.stone":7,"stat.useItem.mopickaxes.lapis_lazuli_pickaxe":1,"stat.mineBlock.minecraft.tallgrass":3,"stat.diveOneCm":9413}