{"stat.chestOpened":17,"stat.pickup.minecraft.bone":2,"stat.pickup.mopickaxes.red_wool_pickaxe":1,"stat.leaveGame":4,"stat.pickup.minecraft.arrow":3,"stat.useItem.mopickaxes.glass_pickaxe":2,"stat.useItem.mopickaxes.tnt_pickaxe":2,"stat.pickup.hbm.battery_advanced":1,"stat.useItem.minecraft.diamond_sword":10,"stat.pickup.mopickaxes.white_wool_pickaxe":1,"stat.pickup.hbm.dust":8,"stat.jump":189,"stat.swimOneCm":649,"stat.pickup.hbm.ingot_titanium":3,"stat.useItem.hbm.concrete_pink":4,"stat.fallOneCm":1987,"stat.useItem.mopickaxes.red_wool_pickaxe":1,"stat.crouchOneCm":1318,"stat.pickup.hbm.yellow_barrel":64,"stat.pickup.minecraft.dirt":15,"stat.useItem.minecraft.stone_slab2":17,"stat.pickup.minecraft.sand":2,"stat.useItem.minecraft.golden_sword":2,"stat.useItem.minecraft.sapling":12,"stat.mineBlock.minecraft.log2":3,"stat.useItem.mopickaxes.white_wool_pickaxe":1,"stat.damageTaken":760,"stat.pickup.hbm.hazmat_legs":2,"stat.pickup.minecraft.cobblestone":12,"stat.pickup.hbm.cap_nuka":4,"stat.pickup.minecraft.log2":2,"stat.flyOneCm":653627,"stat.pickup.minecraft.wheat_seeds":6,"stat.killEntity.Witch":1,"stat.pickup.hbm.primer_50":9,"stat.damageDealt":944,"stat.timeSinceDeath":559,"stat.pickup.minecraft.mutton":1,"stat.walkOneCm":48498,"stat.useItem.minecraft.chest":2,"stat.pickup.minecraft.stick":2,"stat.pickup.hbm.bottle_cherry":1,"stat.pickup.hbm.hazmat_helmet":2,"stat.talkedToVillager":1,"stat.pickup.hbm.pole_satellite_receiver":1,"stat.drop.minecraft.iron_door":1,"stat.pickup.hbm.hazmat_boots":2,"stat.useItem.minecraft.milk_bucket":2,"stat.pickup.minecraft.stone":1,"stat.pickup.minecraft.sapling":2,"stat.sprintOneCm":19248,"stat.killEntity.Skeleton":2,"stat.pickup.hbm.bottle_nuka":2,"stat.pickup.hbm.book_guide_book":25,"stat.pickup.hbm.ingot_steel":40,"stat.mobKills":5,"stat.useItem.minecraft.dye":53,"stat.useItem.minecraft.boat":1,"stat.deaths":2,"stat.pickup.minecraft.iron_door":1,"stat.drop":1,"stat.playOneMinute":47289,"stat.pickup.minecraft.torch":2,"stat.pickup.hbm.hazmat_plate":2,"stat.killEntity.Sheep":1,"stat.sneakTime":1004,"stat.pickup.minecraft.wool":1,"stat.pickup.hbm.red_wire_coated":12,"stat.pickup.hbm.twinkie":1,"stat.killEntity.Zombie":1,"stat.mineBlock.minecraft.stone":7,"stat.useItem.mopickaxes.lapis_lazuli_pickaxe":1,"stat.mineBlock.minecraft.tallgrass":6,"stat.diveOneCm":9710}