{"stat.chestOpened":13,"stat.walkOneCm":104598,"stat.craftItem.minecraft.bed":1,"stat.useItem.minecraft.bread":1,"stat.pickup.minecraft.stick":3,"stat.pickup.minecraft.wooden_axe":1,"stat.leaveGame":3,"stat.pickup.minecraft.crafting_table":2,"stat.craftItem.minecraft.crafting_table":1,"stat.furnaceInteraction":7,"stat.pickup.hbm.battery_advanced":1,"stat.mineBlock.minecraft.double_plant":1,"stat.mineBlock.minecraft.coal_ore":7,"stat.pickup.hbm.circuit_targeting_tier1":2,"stat.pickup.hbm.ingot_red_copper":1,"stat.pickup.minecraft.wooden_sword":1,"stat.pickup.minecraft.log":13,"stat.pickup.hbm.stealth_boy":1,"stat.pickup.hbm.dust":3,"stat.pickup.hbm.pole_satellite_receiver":1,"stat.jump":654,"stat.swimOneCm":8062,"stat.pickup.minecraft.coal":15,"stat.fallOneCm":17062,"stat.pickup.minecraft.iron_ingot":11,"stat.pickup.minecraft.beef":65,"stat.pickup.minecraft.furnace":1,"stat.craftItem.minecraft.stone_slab2":0,"stat.crouchOneCm":314,"stat.pickup.hbm.steel_poles":5,"stat.pickup.minecraft.dirt":3,"stat.useItem.minecraft.dirt":1,"stat.sprintOneCm":98097,"stat.useItem.minecraft.stone_slab2":10,"stat.pickup.minecraft.bow":2,"stat.pickup.minecraft.cooked_beef":3,"stat.craftItem.minecraft.stick":8,"stat.craftItem.minecraft.wooden_axe":1,"stat.craftingTableInteraction":4,"stat.pickup.minecraft.rotten_flesh":4,"stat.killEntity.Skeleton":1,"stat.craftItem.minecraft.furnace":1,"stat.boatOneCm":123672,"stat.pickup.hbm.book_guide_book":1,"stat.pickup.hbm.circuit_copper":1,"stat.craftItem.minecraft.planks":20,"stat.mineBlock.hbm.tape_recorder":1,"stat.pickup.hbm.ingot_steel":5,"stat.pickup.minecraft.wooden_pickaxe":1,"stat.damageTaken":10640,"stat.pickup.minecraft.leather":28,"stat.mineBlock.minecraft.crafting_table":2,"stat.pickup.minecraft.bread":15,"stat.mineBlock.minecraft.furnace":1,"stat.useItem.minecraft.wooden_pickaxe":23,"stat.craftItem.minecraft.cooked_beef":7,"stat.mobKills":22,"stat.pickup.minecraft.cobblestone":20,"stat.craftItem.minecraft.wooden_sword":1,"stat.mineBlock.minecraft.log":9,"stat.entityKilledBy.Creeper":1,"stat.pickup.hbm.tape_recorder":1,"stat.pickup.minecraft.planks":1,"stat.pickup.hbm.gun_revolver_ammo":5,"stat.pickup.hbm.cordite":6,"stat.flyOneCm":150929,"stat.pickup.minecraft.bed":1,"stat.deaths":2,"stat.pickup.hbm.battery_spark_cell_power":1,"stat.playOneMinute":36015,"stat.pickup.hbm.primer_50":4,"stat.useItem.minecraft.wooden_sword":61,"stat.killEntity.Sheep":4,"stat.useItem.minecraft.cooked_beef":4,"stat.sneakTime":35,"stat.pickup.minecraft.wool":5,"stat.damageDealt":2421,"stat.killEntity.Zombie":2,"stat.sleepInBed":2,"stat.timeSinceDeath":6867,"stat.useItem.minecraft.wooden_axe":6,"stat.killEntity.Cow":15,"stat.mineBlock.minecraft.dirt":8,"stat.craftItem.minecraft.wooden_pickaxe":1,"stat.mineBlock.minecraft.stone":14,"stat.mineBlock.minecraft.tallgrass":5,"stat.diveOneCm":10696,"stat.pickup.minecraft.mutton":10}