{"stat.chestOpened":4,"stat.walkOneCm":18623,"stat.boatOneCm":123672,"stat.craftItem.minecraft.planks":20,"stat.leaveGame":3,"stat.damageTaken":510,"stat.pickup.minecraft.leather":5,"stat.craftItem.minecraft.crafting_table":1,"stat.mineBlock.minecraft.double_plant":1,"stat.mobKills":5,"stat.craftItem.minecraft.wooden_sword":1,"stat.mineBlock.minecraft.log":5,"stat.entityKilledBy.Creeper":1,"stat.pickup.minecraft.log":5,"stat.flyOneCm":40895,"stat.deaths":1,"stat.jump":192,"stat.swimOneCm":3143,"stat.playOneMinute":11565,"stat.fallOneCm":4410,"stat.useItem.minecraft.wooden_sword":10,"stat.pickup.minecraft.beef":8,"stat.sneakTime":27,"stat.damageDealt":500,"stat.crouchOneCm":314,"stat.timeSinceDeath":9394,"stat.killEntity.Cow":5,"stat.sprintOneCm":29206,"stat.useItem.minecraft.stone_slab2":1,"stat.diveOneCm":2738,"stat.craftItem.minecraft.stick":4,"stat.craftingTableInteraction":1}