{"stat.chestOpened":23,"stat.leaveGame":3,"stat.pickup.hbm.battery_advanced":1,"stat.pickup.hbm.circuit_targeting_tier1":2,"stat.pickup.hbm.stealth_boy":1,"stat.pickup.hbm.dust":3,"stat.jump":766,"stat.swimOneCm":8062,"stat.pickup.minecraft.coal":23,"stat.fallOneCm":22287,"stat.pickup.minecraft.iron_ingot":11,"stat.mineBlock.minecraft.web":27,"stat.crouchOneCm":393,"stat.craftItem.minecraft.torch":16,"stat.pickup.minecraft.dirt":3,"stat.useItem.minecraft.dirt":1,"stat.useItem.minecraft.stone_slab2":13,"stat.pickup.minecraft.bow":2,"stat.craftingTableInteraction":13,"stat.pickup.minecraft.rotten_flesh":4,"stat.craftItem.minecraft.furnace":1,"stat.boatOneCm":123672,"stat.pickup.hbm.circuit_copper":1,"stat.pickup.minecraft.wooden_pickaxe":1,"stat.pickup.minecraft.leather":28,"stat.damageTaken":10650,"stat.mineBlock.minecraft.furnace":1,"stat.useItem.minecraft.wooden_pickaxe":23,"stat.craftItem.minecraft.cooked_beef":7,"stat.pickup.minecraft.cobblestone":20,"stat.craftItem.minecraft.wooden_sword":1,"stat.pickup.minecraft.planks":1,"stat.pickup.hbm.gun_revolver_ammo":5,"stat.flyOneCm":174465,"stat.pickup.minecraft.bed":1,"stat.pickup.hbm.battery_spark_cell_power":1,"stat.pickup.hbm.primer_50":4,"stat.useItem.minecraft.cooked_beef":4,"stat.damageDealt":2622,"stat.sleepInBed":2,"stat.timeSinceDeath":19467,"stat.killEntity.Cow":15,"stat.mineBlock.minecraft.dirt":8,"stat.useItem.minecraft.iron_pickaxe":8,"stat.craftItem.minecraft.wooden_pickaxe":1,"stat.pickup.minecraft.mutton":10,"stat.craftItem.minecraft.iron_sword":1,"stat.walkOneCm":140842,"stat.craftItem.minecraft.bed":1,"stat.useItem.minecraft.bread":2,"stat.useItem.minecraft.torch":1,"stat.pickup.minecraft.stick":3,"stat.pickup.minecraft.wooden_axe":1,"stat.pickup.minecraft.crafting_table":2,"stat.craftItem.minecraft.crafting_table":2,"stat.furnaceInteraction":7,"stat.craftItem.hbm.circuit_aluminium":2,"stat.mineBlock.minecraft.double_plant":1,"stat.mineBlock.minecraft.coal_ore":15,"stat.pickup.hbm.ingot_red_copper":1,"stat.pickup.minecraft.wooden_sword":1,"stat.pickup.minecraft.log":15,"stat.pickup.minecraft.string":25,"stat.pickup.hbm.pole_satellite_receiver":1,"stat.pickup.minecraft.beef":65,"stat.pickup.minecraft.furnace":1,"stat.useItem.minecraft.milk_bucket":3,"stat.craftItem.minecraft.stone_slab2":0,"stat.pickup.hbm.steel_poles":5,"stat.sprintOneCm":117560,"stat.pickup.minecraft.cooked_beef":3,"stat.craftItem.minecraft.stick":16,"stat.craftItem.minecraft.wooden_axe":1,"stat.killEntity.Skeleton":1,"stat.craftItem.minecraft.bucket":1,"stat.pickup.hbm.book_guide_book":1,"stat.craftItem.minecraft.planks":28,"stat.useItem.minecraft.iron_sword":28,"stat.mineBlock.hbm.tape_recorder":1,"stat.pickup.hbm.ingot_steel":5,"stat.mineBlock.minecraft.crafting_table":2,"stat.pickup.minecraft.bread":15,"stat.mobKills":23,"stat.mineBlock.minecraft.log":11,"stat.entityKilledBy.Creeper":1,"stat.useItem.hbm.steel_poles":4,"stat.pickup.hbm.tape_recorder":1,"stat.pickup.hbm.cordite":6,"stat.deaths":2,"stat.pickup.minecraft.egg":1,"stat.playOneMinute":48615,"stat.useItem.minecraft.wooden_sword":62,"stat.killEntity.Sheep":4,"stat.sneakTime":114,"stat.craftItem.minecraft.iron_pickaxe":1,"stat.pickup.minecraft.wool":5,"stat.killEntity.Zombie":3,"stat.useItem.minecraft.wooden_axe":8,"stat.mineBlock.minecraft.stone":14,"stat.mineBlock.minecraft.tallgrass":5,"stat.diveOneCm":10696}