{"stat.leaveGame":1,"stat.pickup.hbm.battery_advanced":1,"stat.swimOneCm":2308,"stat.mineBlock.hbm.crate_iron":1,"stat.useItem.minecraft.stone_slab2":7,"stat.mineBlock.hbm.machine_battery":3,"stat.craftItem.minecraft.furnace":1,"stat.pickup.minecraft.brick_block":3,"stat.craftItem.minecraft.stone_axe":1,"stat.craftItem.minecraft.spruce_boat":1,"stat.craftItem.minecraft.stone_pickaxe":1,"stat.craftItem.minecraft.cooked_beef":3,"stat.killEntity.Enderman":1,"stat.pickup.minecraft.cobblestone":21,"stat.pickup.hbm.gun_revolver":1,"stat.craftItem.minecraft.stone_sword":1,"stat.flyOneCm":41335,"stat.drop.minecraft.wheat_seeds":6,"stat.useItem.minecraft.cooked_beef":3,"stat.mineBlock.minecraft.iron_ore":13,"stat.timeSinceDeath":21414,"stat.useItem.minecraft.iron_pickaxe":32,"stat.craftItem.minecraft.wooden_pickaxe":1,"stat.mineBlock.minecraft.brick_block":3,"stat.furnaceInteraction":6,"stat.mineBlock.minecraft.coal_ore":33,"stat.pickup.hbm.crate_iron":1,"stat.pickup.minecraft.beef":49,"stat.pickup.minecraft.furnace":2,"stat.craftItem.minecraft.stone_slab2":0,"stat.sprintOneCm":30995,"stat.craftItem.minecraft.stick":16,"stat.pickup.minecraft.grass":1,"stat.mineBlock.minecraft.crafting_table":4,"stat.drop":7,"stat.playOneMinute":21414,"stat.craftItem.minecraft.iron_pickaxe":1,"stat.pickup.hbm.red_wire_coated":10,"stat.mineBlock.minecraft.tallgrass":22,"stat.diveOneCm":7293,"stat.chestOpened":4,"stat.pickup.minecraft.sign":1,"stat.drop.minecraft.wooden_pickaxe":1,"stat.pickup.minecraft.gravel":1,"stat.pickup.minecraft.arrow":2,"stat.jump":346,"stat.pickup.minecraft.coal":92,"stat.fallOneCm":7772,"stat.pickup.minecraft.iron_ingot":8,"stat.useItem.minecraft.stone_axe":16,"stat.crouchOneCm":4645,"stat.pickup.hbm.scrap":6,"stat.craftItem.minecraft.torch":4,"stat.craftItem.minecraft.iron_ingot":10,"stat.pickup.minecraft.dirt":1,"stat.craftingTableInteraction":6,"stat.pickup.minecraft.iron_ore":12,"stat.boatOneCm":28155,"stat.pickup.minecraft.wooden_pickaxe":1,"stat.mineBlock.hbm.red_wire_coated":10,"stat.damageTaken":215,"stat.pickup.minecraft.leather":32,"stat.mineBlock.minecraft.furnace":2,"stat.mineBlock.minecraft.torch":1,"stat.useItem.minecraft.wooden_pickaxe":13,"stat.pickup.hbm.cap_nuka":4,"stat.pickup.minecraft.planks":28,"stat.pickup.minecraft.reeds":14,"stat.pickup.minecraft.wheat_seeds":6,"stat.mineBlock.minecraft.gravel":1,"stat.useItem.minecraft.stone_pickaxe":56,"stat.useItem.minecraft.stone_sword":6,"stat.damageDealt":2950,"stat.killEntity.Cow":23,"stat.mineBlock.minecraft.dirt":1,"stat.useItem.minecraft.crafting_table":1,"stat.craftItem.minecraft.iron_sword":1,"stat.walkOneCm":37192,"stat.useItem.minecraft.torch":3,"stat.pickup.hbm.machine_battery":3,"stat.pickup.minecraft.crafting_table":4,"stat.useItem.minecraft.cobblestone":3,"stat.craftItem.minecraft.crafting_table":2,"stat.mineBlock.minecraft.double_plant":2,"stat.useItem.minecraft.spruce_boat":2,"stat.pickup.minecraft.log":18,"stat.pickup.minecraft.ender_pearl":1,"stat.killEntity.Skeleton":1,"stat.craftItem.minecraft.planks":52,"stat.useItem.minecraft.iron_sword":73,"stat.pickup.hbm.ingot_steel":12,"stat.pickup.minecraft.stone_sword":1,"stat.mobKills":25,"stat.mineBlock.hbm.deco_steel":12,"stat.mineBlock.minecraft.log":13,"stat.pickup.minecraft.iron_door":1,"stat.mineBlock.minecraft.leaves":4,"stat.pickup.minecraft.torch":1,"stat.sneakTime":2691,"stat.pickup.minecraft.spruce_boat":2,"stat.mineBlock.minecraft.stone":21}