{"stat.chestOpened":4,"stat.walkOneCm":14482,"stat.useItem.minecraft.torch":3,"stat.drop.minecraft.wooden_pickaxe":1,"stat.pickup.minecraft.gravel":1,"stat.pickup.minecraft.arrow":2,"stat.pickup.minecraft.crafting_table":1,"stat.craftItem.minecraft.crafting_table":2,"stat.furnaceInteraction":2,"stat.mineBlock.minecraft.double_plant":1,"stat.mineBlock.minecraft.coal_ore":33,"stat.pickup.minecraft.log":10,"stat.jump":92,"stat.pickup.minecraft.coal":33,"stat.fallOneCm":1496,"stat.useItem.minecraft.stone_axe":1,"stat.crouchOneCm":3177,"stat.craftItem.minecraft.torch":4,"stat.pickup.minecraft.dirt":1,"stat.sprintOneCm":10541,"stat.useItem.minecraft.stone_slab2":6,"stat.craftItem.minecraft.stick":8,"stat.craftingTableInteraction":3,"stat.pickup.minecraft.iron_ore":12,"stat.killEntity.Skeleton":1,"stat.craftItem.minecraft.furnace":1,"stat.craftItem.minecraft.planks":20,"stat.craftItem.minecraft.stone_axe":1,"stat.pickup.minecraft.wooden_pickaxe":1,"stat.damageTaken":120,"stat.mineBlock.minecraft.crafting_table":1,"stat.craftItem.minecraft.stone_pickaxe":1,"stat.useItem.minecraft.wooden_pickaxe":13,"stat.pickup.minecraft.cobblestone":21,"stat.mobKills":1,"stat.mineBlock.minecraft.log":5,"stat.craftItem.minecraft.stone_sword":1,"stat.flyOneCm":7607,"stat.drop":1,"stat.mineBlock.minecraft.leaves":1,"stat.playOneMinute":9832,"stat.mineBlock.minecraft.gravel":1,"stat.useItem.minecraft.stone_pickaxe":55,"stat.sneakTime":1995,"stat.useItem.minecraft.stone_sword":6,"stat.damageDealt":200,"stat.mineBlock.minecraft.iron_ore":13,"stat.timeSinceDeath":9832,"stat.mineBlock.minecraft.dirt":1,"stat.craftItem.minecraft.wooden_pickaxe":1,"stat.mineBlock.minecraft.stone":21}