{"stat.leaveGame":1,"stat.pickup.hbm.battery_advanced":5,"stat.pickup.hbm.dust":20,"stat.useItem.minecraft.mutton":1,"stat.swimOneCm":5467,"stat.mineBlock.hbm.crate_iron":5,"stat.useItem.minecraft.planks":27,"stat.drop.hbm.yellow_barrel":64,"stat.useItem.minecraft.dirt":2,"stat.useItem.minecraft.stone_slab2":19,"stat.pickup.minecraft.rotten_flesh":3,"stat.mineBlock.hbm.machine_battery":3,"stat.craftItem.minecraft.furnace":1,"stat.pickup.minecraft.brick_block":12,"stat.pickup.hbm.circuit_copper":2,"stat.craftItem.minecraft.stone_axe":1,"stat.craftItem.minecraft.spruce_boat":1,"stat.pickup.minecraft.bucket":4,"stat.craftItem.minecraft.stone_pickaxe":1,"stat.craftItem.minecraft.cooked_beef":49,"stat.killEntity.Enderman":1,"stat.pickup.minecraft.cobblestone":46,"stat.pickup.hbm.gun_revolver":4,"stat.craftItem.minecraft.stone_sword":1,"stat.useItem.minecraft.brick_block":2,"stat.flyOneCm":146296,"stat.pickup.hbm.battery_spark_cell_power":3,"stat.drop.minecraft.wheat_seeds":15,"stat.useItem.minecraft.cooked_beef":4,"stat.mineBlock.minecraft.iron_ore":13,"stat.timeSinceDeath":2291,"stat.useItem.minecraft.iron_pickaxe":87,"stat.craftItem.minecraft.wooden_pickaxe":1,"stat.pickup.minecraft.mutton":7,"stat.mineBlock.minecraft.brick_block":6,"stat.pickup.hbm.bottle_opener":2,"stat.craftItem.minecraft.bed":1,"stat.furnaceInteraction":11,"stat.drop.minecraft.dirt":1,"stat.mineBlock.minecraft.coal_ore":33,"stat.pickup.hbm.crate_iron":9,"stat.pickup.hbm.ingot_red_copper":2,"stat.pickup.minecraft.beef":97,"stat.pickup.minecraft.furnace":5,"stat.useItem.minecraft.milk_bucket":1,"stat.craftItem.minecraft.stone_slab2":0,"stat.pickup.hbm.steel_poles":20,"stat.sprintOneCm":78367,"stat.craftItem.minecraft.stick":16,"stat.pickup.minecraft.grass":1,"stat.mineBlock.minecraft.crafting_table":5,"stat.entityKilledBy.Creeper":1,"stat.mineBlock.minecraft.planks":28,"stat.deaths":6,"stat.drop":18,"stat.playOneMinute":45714,"stat.killEntity.Sheep":3,"stat.craftItem.minecraft.iron_pickaxe":1,"stat.useItem.hbm.crate_iron":2,"stat.pickup.hbm.red_wire_coated":60,"stat.killEntity.Zombie":1,"stat.mineBlock.minecraft.tallgrass":69,"stat.diveOneCm":20836,"stat.chestOpened":4,"stat.pickup.hbm.gas_mask_filter":2,"stat.pickup.minecraft.sign":3,"stat.drop.minecraft.wooden_pickaxe":1,"stat.pickup.minecraft.gravel":1,"stat.pickup.minecraft.arrow":2,"stat.pickup.minecraft.iron_sword":4,"stat.pickup.minecraft.stone_axe":3,"stat.jump":963,"stat.pickup.minecraft.coal":167,"stat.fallOneCm":25500,"stat.pickup.minecraft.iron_ingot":41,"stat.useItem.minecraft.stone_axe":45,"stat.crouchOneCm":7871,"stat.pickup.hbm.scrap":51,"stat.craftItem.minecraft.torch":4,"stat.craftItem.minecraft.iron_ingot":10,"stat.pickup.hbm.yellow_barrel":67,"stat.pickup.minecraft.dirt":10,"stat.craftingTableInteraction":10,"stat.pickup.minecraft.iron_ore":12,"stat.boatOneCm":28155,"stat.pickup.minecraft.wooden_pickaxe":1,"stat.mineBlock.hbm.red_wire_coated":12,"stat.damageTaken":11370,"stat.pickup.minecraft.leather":134,"stat.craftItem.minecraft.wooden_button":1,"stat.mineBlock.minecraft.furnace":3,"stat.mineBlock.minecraft.torch":1,"stat.useItem.minecraft.wooden_pickaxe":13,"stat.mineBlock.hbm.steel_scaffold":2,"stat.pickup.hbm.cap_nuka":48,"stat.pickup.minecraft.planks":157,"stat.pickup.minecraft.reeds":35,"stat.pickup.minecraft.bed":1,"stat.pickup.minecraft.wheat_seeds":16,"stat.entityKilledBy.Zombie":2,"stat.mineBlock.minecraft.gravel":1,"stat.useItem.minecraft.stone_pickaxe":56,"stat.useItem.minecraft.stone_sword":6,"stat.damageDealt":3677,"stat.killEntity.Cow":24,"stat.mineBlock.minecraft.dirt":7,"stat.useItem.minecraft.crafting_table":3,"stat.craftItem.minecraft.iron_sword":1,"stat.walkOneCm":88773,"stat.useItem.minecraft.torch":3,"stat.pickup.hbm.machine_battery":15,"stat.pickup.minecraft.stick":20,"stat.pickup.hbm.bottle_cherry":5,"stat.pickup.minecraft.crafting_table":7,"stat.useItem.minecraft.cobblestone":9,"stat.craftItem.minecraft.crafting_table":3,"stat.mineBlock.minecraft.double_plant":3,"stat.pickup.hbm.battery_generic":2,"stat.useItem.minecraft.spruce_boat":2,"stat.pickup.minecraft.log":19,"stat.pickup.hbm.pole_satellite_receiver":5,"stat.pickup.minecraft.iron_pickaxe":1,"stat.pickup.minecraft.stone":2,"stat.pickup.minecraft.ender_pearl":4,"stat.pickup.minecraft.cooked_beef":109,"stat.killEntity.Skeleton":1,"stat.pickup.hbm.bottle_nuka":10,"stat.craftItem.minecraft.bucket":1,"stat.pickup.hbm.book_guide_book":3,"stat.craftItem.minecraft.planks":56,"stat.useItem.minecraft.iron_sword":90,"stat.pickup.hbm.ingot_steel":200,"stat.pickup.minecraft.stone_sword":1,"stat.mobKills":30,"stat.mineBlock.hbm.deco_steel":40,"stat.mineBlock.minecraft.log":14,"stat.pickup.minecraft.iron_door":4,"stat.mineBlock.minecraft.leaves":4,"stat.pickup.minecraft.torch":3,"stat.pickup.hbm.steel_scaffold":29,"stat.sneakTime":4037,"stat.pickup.minecraft.wool":6,"stat.pickup.minecraft.spruce_boat":6,"stat.mineBlock.minecraft.stone":32}