{"stat.pickup.hbm.bomb_caller":1,"stat.leaveGame":1,"stat.mineBlock.ic2.rubber_wood":1,"stat.pickup.hbm.factory_titanium_furnace":9,"stat.pickup.hbm.dust":23,"stat.useItem.minecraft.mutton":1,"stat.mineBlock.hbm.crate_iron":6,"stat.useItem.minecraft.planks":38,"stat.pickup.minecraft.rotten_flesh":10,"stat.drop.minecraft.poisonous_potato":2,"stat.mineBlock.hbm.machine_battery":4,"stat.pickup.minecraft.sand":108,"stat.pickup.minecraft.brick_block":23,"stat.pickup.hbm.circuit_copper":2,"stat.craftItem.minecraft.stone_axe":1,"stat.pickup.minecraft.bucket":4,"stat.killEntity.Enderman":1,"stat.craftItem.minecraft.stone_sword":1,"stat.mineBlock.minecraft.sand":104,"stat.pickup.hbm.battery_spark_cell_power":3,"stat.useItem.minecraft.iron_pickaxe":250,"stat.craftItem.minecraft.wooden_pickaxe":1,"stat.pickup.hbm.steel_wall":1,"stat.mineBlock.minecraft.brick_block":17,"stat.pickup.hbm.bottle_opener":3,"stat.craftItem.minecraft.bed":1,"stat.mineBlock.minecraft.hopper":6,"stat.furnaceInteraction":16,"stat.killEntity.ZombieVillager":1,"stat.pickup.hbm.crate_iron":10,"stat.pickup.minecraft.beef":97,"stat.pickup.minecraft.furnace":5,"stat.pickup.hbm.steel_poles":20,"stat.useItem.hbm.steel_shovel":104,"stat.killEntity.Husk":1,"stat.deaths":9,"stat.pickup.minecraft.egg":2,"stat.playOneMinute":81532,"stat.craftItem.minecraft.iron_pickaxe":1,"stat.useItem.hbm.crate_iron":3,"stat.pickup.hbm.red_wire_coated":61,"stat.pickup.minecraft.iron_bars":1,"stat.mineBlock.minecraft.tallgrass":79,"stat.chestOpened":25,"stat.pickup.hbm.gas_mask_filter":2,"stat.pickup.minecraft.arrow":4,"stat.pickup.minecraft.iron_sword":5,"stat.mineBlock.hbm.machine_difurnace_off":6,"stat.mineBlock.hbm.factory_titanium_furnace":9,"stat.drop.minecraft.iron_pickaxe":1,"stat.fallOneCm":41130,"stat.pickup.minecraft.carrot":35,"stat.crouchOneCm":17529,"stat.pickup.hbm.scrap":53,"stat.mineBlock.minecraft.chest":4,"stat.craftItem.minecraft.iron_ingot":10,"stat.pickup.hbm.yellow_barrel":67,"stat.craftingTableInteraction":15,"stat.pickup.minecraft.wooden_pickaxe":1,"stat.craftItem.minecraft.wooden_button":1,"stat.mineBlock.hbm.steel_scaffold":2,"stat.mineBlock.hbm.machine_electric_furnace_off":6,"stat.pickup.minecraft.planks":170,"stat.pickup.minecraft.iron_leggings":1,"stat.pickup.minecraft.wheat_seeds":56,"stat.mineBlock.minecraft.gravel":1,"stat.useItem.minecraft.stone_pickaxe":56,"stat.useItem.minecraft.stone_sword":6,"stat.craftItem.minecraft.iron_leggings":1,"stat.mineBlock.minecraft.dirt":16,"stat.pickup.minecraft.poisonous_potato":2,"stat.mineBlock.hbm.reinforced_light":20,"stat.useItem.minecraft.torch":3,"stat.pickup.hbm.machine_battery":17,"stat.pickup.hbm.bottle_cherry":5,"stat.drop.minecraft.rotten_flesh":5,"stat.pickup.minecraft.crafting_table":7,"stat.useItem.minecraft.log":1,"stat.useItem.minecraft.cobblestone":10,"stat.craftItem.minecraft.crafting_table":4,"stat.mineBlock.minecraft.double_plant":7,"stat.pickup.hbm.battery_generic":3,"stat.pickup.minecraft.log":21,"stat.pickup.hbm.pole_satellite_receiver":5,"stat.pickup.minecraft.iron_pickaxe":3,"stat.pickup.minecraft.hopper":6,"stat.mineBlock.minecraft.iron_block":2,"stat.craftItem.minecraft.bucket":1,"stat.craftItem.minecraft.planks":56,"stat.useItem.minecraft.iron_sword":132,"stat.pickup.hbm.ingot_steel":200,"stat.pickup.minecraft.stone_sword":1,"stat.pickup.minecraft.book":21,"stat.mineBlock.minecraft.log":16,"stat.pickup.minecraft.iron_door":4,"stat.sneakTime":6694,"stat.pickup.minecraft.wool":6,"stat.pickup.minecraft.chest":4,"stat.pickup.minecraft.bone":2,"stat.mineBlock.minecraft.cobblestone":2,"stat.pickup.hbm.battery_advanced":5,"stat.swimOneCm":8694,"stat.climbOneCm":1849,"stat.mineBlock.hbm.factory_titanium_core":3,"stat.drop.hbm.yellow_barrel":64,"stat.useItem.minecraft.dirt":8,"stat.useItem.minecraft.stone_slab2":33,"stat.craftItem.minecraft.furnace":1,"stat.craftItem.minecraft.spruce_boat":1,"stat.craftItem.minecraft.iron_boots":1,"stat.pickup.minecraft.anvil":4,"stat.craftItem.minecraft.stone_pickaxe":1,"stat.craftItem.minecraft.cooked_beef":49,"stat.pickup.minecraft.cobblestone":61,"stat.mineBlock.hbm.factory_titanium_hull":59,"stat.pickup.hbm.gun_revolver":4,"stat.pickup.hbm.brick_concrete":1,"stat.useItem.minecraft.brick_block":2,"stat.flyOneCm":263989,"stat.drop.minecraft.wheat_seeds":55,"stat.useItem.minecraft.cooked_beef":9,"stat.mineBlock.minecraft.iron_ore":13,"stat.timeSinceDeath":1392,"stat.pickup.hbm.steel_shovel":1,"stat.pickup.minecraft.mutton":7,"stat.pickup.minecraft.stonebrick":4,"stat.drop.minecraft.dirt":1,"stat.mineBlock.hbm.brick_concrete":1,"stat.mineBlock.minecraft.coal_ore":33,"stat.pickup.hbm.ingot_red_copper":2,"stat.talkedToVillager":5,"stat.useItem.minecraft.milk_bucket":1,"stat.craftItem.minecraft.stone_slab2":0,"stat.sprintOneCm":148875,"stat.craftItem.minecraft.stick":20,"stat.pickup.minecraft.grass":1,"stat.pickup.hbm.machine_electric_furnace_off":4,"stat.mineBlock.minecraft.crafting_table":5,"stat.entityKilledBy.Creeper":1,"stat.pickup.hbm.cordite":13,"stat.mineBlock.minecraft.planks":41,"stat.drop":28,"stat.killEntity.Sheep":3,"stat.pickup.minecraft.iron_block":2,"stat.killEntity.Zombie":6,"stat.diveOneCm":22422,"stat.pickup.minecraft.wheat":15,"stat.mineBlock.hbm.steel_wall":1,"stat.pickup.minecraft.sign":3,"stat.drop.minecraft.wooden_pickaxe":1,"stat.pickup.minecraft.gravel":1,"stat.mineBlock.minecraft.anvil":4,"stat.pickup.minecraft.stone_axe":5,"stat.pickup.hbm.factory_titanium_core":3,"stat.craftItem.travelersbackpack.backpack_tank":2,"stat.jump":1519,"stat.useItem.minecraft.sand":10,"stat.pickup.minecraft.coal":167,"stat.pickup.minecraft.iron_ingot":41,"stat.useItem.minecraft.stone_axe":72,"stat.craftItem.minecraft.torch":4,"stat.pickup.minecraft.dirt":20,"stat.pickup.minecraft.iron_ore":12,"stat.pickup.hbm.wire_red_copper":2,"stat.boatOneCm":28155,"stat.mineBlock.minecraft.iron_bars":1,"stat.pickup.hbm.reinforced_light":20,"stat.mineBlock.hbm.red_wire_coated":13,"stat.damageTaken":22183,"stat.pickup.minecraft.leather":134,"stat.mineBlock.minecraft.furnace":3,"stat.mineBlock.minecraft.torch":2,"stat.useItem.minecraft.wooden_pickaxe":13,"stat.pickup.hbm.cap_nuka":48,"stat.pickup.ic2.rubber_wood":1,"stat.pickup.minecraft.reeds":35,"stat.pickup.minecraft.bed":2,"stat.pickup.minecraft.potato":37,"stat.entityKilledBy.Zombie":3,"stat.damageDealt":5170,"stat.craftItem.minecraft.glass":22,"stat.sleepInBed":3,"stat.pickup.hbm.factory_titanium_hull":59,"stat.killEntity.Cow":24,"stat.useItem.minecraft.crafting_table":3,"stat.craftItem.minecraft.iron_sword":1,"stat.walkOneCm":170028,"stat.pickup.minecraft.stick":20,"stat.useItem.minecraft.spruce_boat":2,"stat.mineBlock.hbm.deco_lead":6,"stat.pickup.minecraft.stone":2,"stat.craftItem.minecraft.iron_chestplate":1,"stat.pickup.minecraft.ender_pearl":4,"stat.pickup.minecraft.cooked_beef":153,"stat.killEntity.Skeleton":2,"stat.pickup.hbm.bottle_nuka":10,"stat.pickup.hbm.book_guide_book":3,"stat.mineBlock.minecraft.stonebrick":4,"stat.mobKills":38,"stat.mineBlock.hbm.deco_steel":40,"stat.mineBlock.minecraft.bookshelf":7,"stat.mineBlock.minecraft.leaves":4,"stat.pickup.minecraft.torch":4,"stat.pickup.hbm.steel_scaffold":29,"stat.craftItem.hbm.steel_shovel":1,"stat.pickup.hbm.ingot_lead":6,"stat.pickup.minecraft.spruce_boat":6,"stat.pickup.hbm.machine_difurnace_off":6,"stat.mineBlock.minecraft.stone":40}